Workbook

Sheet Sales_Data
A1: Date | B1: Product | C1: Category | D1: Region | E1: Units_Sold | F1: Price | G1: Revenue
A2: 01-Jan-2024 | B2: Smartphone | C2: Electronics | D2: North | E2: 22 | F2: 15000 | G2: =E2*F2 -> 330000
A3: 01-Jan-2024 | B3: T-Shirt | C3: Fashion | D3: South | E3: 13 | F3: 800 | G3: =E3*F3 -> 10400
A4: 15-Jan-2024 | B4: Smartphone | C4: Electronics | D4: North | E4: 42 | F4: 15000 | G4: =E4*F4 -> 630000
A5: 15-Jan-2024 | B5: Rice (5kg) | C5: Grocery | D5: North | E5: 6 | F5: 350 | G5: =E5*F5 -> 2100
A6: 28-Jan-2024 | B6: Smartphone | C6: Electronics | D6: South | E6: 19 | F6: 15000 | G6: =E6*F6 -> 285000
A7: 28-Jan-2024 | B7: Notebook | C7: Stationery | D7: North | E7: 40 | F7: 120 | G7: =E7*F7 -> 4800
A8: 05-Feb-2024 | B8: T-Shirt | C8: Fashion | D8: West | E8: 19 | F8: 800 | G8: =E8*F8 -> 15200
A9: 05-Feb-2024 | B9: Cooking Oil | C9: Grocery | D9: East | E9: 5 | F9: 180 | G9: =E9*F9 -> 900
A10: 18-Feb-2024 | B10: Headphones | C10: Electronics | D10: West | E10: 26 | F10: 3000 | G10: =E10*F10 -> 78000
A11: 18-Feb-2024 | B11: Shoes | C11: Fashion | D11: South | E11: 18 | F11: 2500 | G11: =E11*F11 -> 45000
A12: 25-Feb-2024 | B12: Backpack | C12: Fashion | D12: North | E12: 10 | F12: 1200 | G12: =E12*F12 -> 12000
A13: 25-Feb-2024 | B13: Rice (5kg) | C13: Grocery | D13: North | E13: 27 | F13: 350 | G13: =E13*F13 -> 9450
... A73: 28-Dec-2024 | B73: Smartphone | C73: Electronics | D73: North | E73: 47 | F73: 15000 | G73: =E73*F73 -> 705000

Sheet KPI_Summary
A1: 📊 Sales & Revenue KPI Summary
A3: Total Revenue (₹) | B3: =SUM(Sales_Data!G:G) -> 12321170
A4: Total Units Sold | B4: =SUM(Sales_Data!E:E) -> 2034
A5: Total Transactions | B5: =COUNTA(Sales_Data!A2:A73) -> 72
A6: Average Order Value (₹) | B6: =IFERROR(SUM(Sales_Data!G:G)/COUNTA(Sales_Data!A2:A10000),0) -> 171127.36
A7: Max Single Sale (₹) | B7: =MAX(Sales_Data!G:G) -> 1890000
A8: Min Single Sale (₹) | B8: =MIN(Sales_Data!G:G) -> 900

Sheet Dashboard
A1: Row Labels | B1: Sum of Revenue | F1: Row Labels | G1: Sum of Revenue | M1: Row Labels | N1: Sum of Revenue | T1: Row Labels | U1: Sum of Units_Sold
A2: 01-Jan-2024 | B2: 340400 | F2: Backpack | G2: 260400 | M2: Electronics | N2: 11208000 | T2: East | U2: 314
A3: 02-Jun-2024 | B3: 12060 | F3: Cooking Oil | G3: 48060 | M3: Fashion | N3: 978900 | T3: North | U3: 630
A4: 03-Mar-2024 | B4: 13620 | F4: Headphones | G4: 708000 | M4: Grocery | N4: 81310 | T4: South | U4: 648
A5: 03-Oct-2024 | B5: 148020 | F5: Laptop | G5: 5715000 | M5: Stationery | N5: 52960 | T5: West | U5: 442
A6: 04-Aug-2024 | B6: 717600 | F6: Notebook | G6: 31560 | M6: Grand Total | N6: 12321170 | T6: Grand Total | U6: 2034
A7: 04-Dec-2024 | B7: 407640 | F7: Pen Set | G7: 21400
A8: 05-Feb-2024 | B8: 16100 | F8: Rice (5kg) | G8: 33250
A9: 05-May-2024 | B9: 9720 | F9: Shoes | G9: 582500
A10: 05-Nov-2024 | B10: 49200 | F10: Smartphone | G10: 4785000
A11: 06-Sep-2024 | B11: 51960 | F11: T-Shirt | G11: 136000
A12: 07-Jul-2024 | B12: 676440 | F12: Grand Total | G12: 12321170
A13: 08-Apr-2024 | B13: 135700
A14: 14-Mar-2024 | B14: 683200
A15: 15-Dec-2024 | B15: 67020
A16: 15-Jan-2024 | B16: 632100
A17: 15-Jun-2024 | B17: 125040
A18: 15-Oct-2024 | B18: 5940
A19: 16-May-2024 | B19: 1372800
A20: 17-Aug-2024 | B20: 1676900
A21: 18-Feb-2024 | B21: 123000
A22: 18-Nov-2024 | B22: 1910800
A23: 18-Sep-2024 | B23: 367200
A24: 19-Jul-2024 | B24: 564000
... A38: Grand Total | B38: 12321170
F61: Sales & Revenue Analysis Dashboard 2024
